GeneID	baseMean	log2FoldChange	lfcSE	stat	pvalue	padj
B9J08_03209	2179.38180406289	8.68280713297541	0.473666875123672	18.3310414744716	4.67860433302695e-75	2.50352117860272e-71
B9J08_04863	9634.93998824262	-3.13207526596757	0.182983979163984	-17.1166638755883	1.11484071508351e-65	2.9827563332059297e-62
B9J08_01957	397.829944342265	-3.66163701815853	0.24205380939932	-15.1273678660346	1.06885757644787e-51	1.90648563052419e-48
B9J08_00369	13835.8786191767	-2.47672994400211	0.18566476694322	-13.3397950767877	1.35832406476124e-40	1.81709801763435e-37
B9J08_03708	3977.5968714408	-4.52534576872077	0.397108503885968	-11.3957412758409	4.3907698810922496e-30	4.6990019267449296e-27
B9J08_01749	57.0015459650355	-4.91422117000111	0.446704308813336	-11.0010605965626	3.7766360648601797e-28	3.3681299305111304e-25
B9J08_05199	565.260826949113	-1.61407649507316	0.165345521025364	-9.76183984340017	1.64149822031502e-22	1.2548081395579502e-19
B9J08_04503	19305.3052698484	-2.97057186311409	0.320136566545644	-9.2790770363015	1.70952956790481e-20	1.14346158973233e-17
B9J08_02553	180.651675666946	-2.47748451223147	0.274371806284539	-9.0296614137612	1.7220377307827402e-19	1.02384709971316e-16
B9J08_05114	1173.95027751058	1.35013245457707	0.159873034426327	8.44502926601571	3.03969292529992e-17	1.62653968432799e-14
B9J08_05200	1941.96349797446	-2.27105241649982	0.276706601861399	-8.20743849703078	2.25957137903719e-16	1.09917876811164e-13
B9J08_03961	2009.64535760261	1.02050766105846	0.125282319182554	8.14566387114395	3.77206616557683e-16	1.68202717100014e-13
B9J08_05249	539.865167940366	-1.83568089456884	0.239135648254507	-7.67631638347441	1.63728457976412e-14	6.7393152202444495e-12
B9J08_00052	102.858096674293	-2.10462633443761	0.27512635747948	-7.64967178615222	2.01492934259158e-14	7.70134779443395e-12
B9J08_05078	1983.01810755596	-1.80677195531926	0.241400869618275	-7.48452960495253	7.18038475239781e-14	2.56148258733871e-11
B9J08_01119	324.293767132649	-1.34671106368491	0.180786056932605	-7.44919761255125	9.39096195082264e-14	3.14068983742825e-11
B9J08_00017	222.470817942939	3.25330251694845	0.438923046467362	7.4120111557878	1.24398290316934e-13	3.9156191263877396e-11
B9J08_00020	272.586052633538	3.15447844994017	0.426744695366213	7.39195702768641	1.44683290524231e-13	4.301112708862e-11
B9J08_00684	1148.1954940053	-1.8062899796605	0.246709855619684	-7.32151528816501	2.45186383707544e-13	6.905222837995101e-11
B9J08_01770	2141.32679048803	-1.36687424293538	0.192091552871572	-7.11574362590137	1.11311035665947e-12	2.97812675924242e-10
B9J08_01373	134.823760988077	-1.72245699104071	0.251273833785167	-6.85489995155391	7.1362445401327096e-12	1.81838307305953e-09
B9J08_03730	1192.36506060004	-1.08822212728956	0.161223201120242	-6.7497861333119	1.4806324043597e-11	3.6013018162403303e-09
B9J08_00967	240.403790872142	-1.77454842392874	0.269861913187568	-6.57576463076261	4.84037719524854e-11	1.12612427703369e-08
B9J08_00777	24600.2308894913	-2.08467969610516	0.319368729125929	-6.52750099175539	6.68760650783508e-11	1.49105760097606e-08
B9J08_02807	2709.12951038123	-1.76990717618026	0.271944875496826	-6.50833067895376	7.599049680248859e-11	1.62650059356047e-08
B9J08_04436	256.683534444002	-1.80256448202355	0.277680594978458	-6.49150324012879	8.498408301407039e-11	1.74903780080112e-08
B9J08_00191	1737.66470644963	-1.1389207060226	0.175881405729413	-6.47550377084652	9.44961273998739e-11	1.87277325080269e-08
B9J08_03612	2939.08387764327	-2.43208674837238	0.381429147581878	-6.37624776132325	1.81479252920256e-10	3.46819815134389e-08
B9J08_04504	210.399930316801	-1.57349713513474	0.250044555999044	-6.2928670006347	3.11655356475123e-10	5.75057866378753e-08
B9J08_04852	3961.61332568766	-1.66859866509081	0.266319707708848	-6.26539687748152	3.71877035995678e-10	6.47027695735004e-08
B9J08_02346	588.369414378297	-1.87124672771145	0.298722744404861	-6.26415886557113	3.74843180111851e-10	6.47027695735004e-08
B9J08_03823	174.348735227514	-1.36422614129561	0.2181598881113	-6.25333168762727	4.01787544374468e-10	6.71864109358681e-08
B9J08_02682	3020.21915479242	-2.45399636095207	0.392946561045319	-6.24511474136313	4.23489118125862e-10	6.86694021542876e-08
B9J08_03505	1491.26502245019	-1.54889304322353	0.248956500117233	-6.22154088161651	4.92295843484432e-10	7.7478678190741e-08
B9J08_00140	529.059982298855	1.35732307245377	0.218687979967989	6.20666518869693	5.41207294665579e-10	8.27428638215861e-08
B9J08_03885	269.933122747238	-1.29618847177609	0.214407661300756	-6.04543915974106	1.49003571535842e-09	2.21477253135636e-07
B9J08_04438	1061.8000114494	-1.30128019121782	0.218963944698026	-5.94289709665407	2.80028237271522e-09	3.99066447933576e-07
B9J08_03889	4233.97129668188	1.65794757277454	0.279071692373051	5.94093782381291	2.83396094589346e-09	3.99066447933576e-07
B9J08_02603	29727.9863462774	1.03903904613147	0.17571884262914	5.91307699609879	3.35775118383982e-09	4.53234767717278e-07
B9J08_04046	11066.4200312463	-1.63770881565681	0.278604880342513	-5.87824884346402	4.146293000030421e-09	5.41141801052751e-07
B9J08_05587	482.489680713999	-1.15327017090202	0.199065106103039	-5.7934320759615	6.8962383804137305e-09	8.27103701011229e-07
B9J08_02614	2691.31383450032	2.04758294429988	0.353519644856133	5.79199197015816	6.955646896936151e-09	8.27103701011229e-07
B9J08_02356	205.470826212489	-1.74062349372997	0.300238324932701	-5.79747270479256	6.7321733659127706e-09	8.27103701011229e-07
B9J08_00512	22941.5679490752	-1.44741236356092	0.249727451383563	-5.79596818668445	6.7928140637499606e-09	8.27103701011229e-07
B9J08_04082	896.062521500658	-1.2956503341565	0.224535358066384	-5.77036216172886	7.91013450782004e-09	9.00577228752022e-07
B9J08_03871	18097.8455063542	-1.20204472560311	0.208193927831826	-5.77367811886469	7.7559534902934e-09	9.00577228752022e-07
B9J08_05361	2481.62271775259	-1.24977760857609	0.217698293229908	-5.74087003638662	9.41913597791578e-09	1.05003742953807e-06
B9J08_04518	1149.40416557345	-2.05789269687294	0.359800514363522	-5.71953795150432	1.06814115529586e-08	1.16645373918125e-06
B9J08_03239	1471.62697272533	-1.86126891444713	0.326827917592049	-5.69495081130244	1.23407494442266e-08	1.32070700552113e-06
B9J08_00689	454.446667186124	-2.16878136606335	0.381184761176426	-5.68958045271793	1.27351878077796e-08	1.33619588155742e-06
B9J08_03021	148.151478585666	1.68553554052913	0.298364510720041	5.64924942467667	1.61149894534099e-08	1.65829439548455e-06
B9J08_01766	213.756917816847	2.74490657608704	0.487796132728891	5.62715936416128	1.83201459598114e-08	1.84964341567832e-06
B9J08_04866	2855.65720323608	-2.56386321731239	0.456475152863648	-5.61665449089236	1.94690177928634e-08	1.92923544832615e-06
B9J08_02549	1456.89781875258	-1.34452332786592	0.240964900337448	-5.57974761462372	2.40867826821103e-08	2.34342498421768e-06
B9J08_05289	747.796644338584	-1.197074339866	0.216768265777472	-5.52236894811383	3.34459248641983e-08	3.08567489566078e-06
B9J08_00877	1061.09418126786	-1.30992528436176	0.23909571361318	-5.47866486005272	4.28547186294398e-08	3.88670507434122e-06
B9J08_00798	654.434539747323	-2.07370003715992	0.381300302910934	-5.43849564589596	5.37323227784298e-08	4.79202765312296e-06
B9J08_02551	308.314112292709	-1.01380221738842	0.186607050971306	-5.43281838554058	5.54708576491405e-08	4.86597638164837e-06
B9J08_02552	147.423733435159	-1.72600623821264	0.318642231936263	-5.41675291352429	6.06911197246325e-08	5.23803518784691e-06
B9J08_03290	1138.70055107001	1.80100844353899	0.333261392536155	5.40419167618883	6.51012997851956e-08	5.44444690042321e-06
B9J08_01989	14272.6998858346	-1.52352429167063	0.281917645095766	-5.40414662996031	6.51176605544918e-08	5.44444690042321e-06
B9J08_03382	5872.33621433157	-1.15425651322782	0.214424474438155	-5.3830446186344	7.32363749517603e-08	6.02904372872107e-06
B9J08_05250	299.305508806735	-1.58678857711498	0.296537841625275	-5.35104918960105	8.74457461820442e-08	7.08973011848664e-06
B9J08_01761	3870.92712137325	1.34258351411534	0.254770050947989	5.26978547564616	1.36583292939635e-07	1.05921333408694e-05
B9J08_05269	1542.90636614614	-1.01147767931492	0.195617047414308	-5.17070312983847	2.33214811233076e-07	1.70949651357286e-05
B9J08_02750	936.944257870207	-1.57172511172435	0.305962232889459	-5.13699059155514	2.79172926583682e-07	2.0187220677693e-05
B9J08_01552	1383.53591114596	-1.33292015273342	0.260053597123674	-5.12555937497577	2.96655656771269e-07	2.11653922584408e-05
B9J08_03964	2477.6685258449	-1.39351143622252	0.272319398855582	-5.11719488981954	3.10113144625985e-07	2.18344136433375e-05
B9J08_03542	201.019913737069	1.62869643795301	0.318898305274432	5.10725962168854	3.26864508608334e-07	2.27149608514701e-05
B9J08_02306	918.133046173765	-1.16447199287934	0.229914204424198	-5.06481100546035	4.08805722069022e-07	2.80451207537351e-05
B9J08_04263	8073.31445598549	-1.87407354916174	0.374134612302959	-5.00908894161384	5.46882973163718e-07	3.65796348674882e-05
B9J08_02802	1110.04891093285	1.15728106263638	0.231007492376007	5.00971224237479	5.45114801002947e-07	3.65796348674882e-05
B9J08_05570	3616.21686608133	-1.50760743122686	0.304830848043677	-4.94571806266423	7.5863692512147e-07	4.8699232082879e-05
B9J08_05266	160.018514153899	-1.30981851968298	0.264806016745491	-4.94633217092596	7.56248693220699e-07	4.8699232082879e-05
B9J08_05132	17820.1510085533	1.92305880221601	0.389002993727893	4.94355784716964	7.67095743522236e-07	4.8699232082879e-05
B9J08_00091	1436.13585907443	-2.27191362092571	0.459723144675343	-4.94191699338986	7.73581522527511e-07	4.8699232082879e-05
B9J08_00874	5397.65011243258	1.14246469985124	0.231551383227356	4.93395756884542	8.05799523617562e-07	5.01375959404369e-05
B9J08_03678	1445.72384231964	1.24399603762753	0.253645704238068	4.90446326053262	9.36831534111076e-07	5.76205234371077e-05
B9J08_02886	9206.6001425718	-1.3513345144286	0.276838045476733	-4.88131792760463	1.05379190527897e-06	6.33577582600872e-05
B9J08_05391	3510.27015928423	-2.43208918009917	0.498582608134682	-4.87800645353075	1.07163419578852e-06	6.37146064629374e-05
B9J08_05586	289.021057928423	-1.28660005791254	0.264797099809984	-4.85881476358992	1.18090552080044e-06	6.9439840019815e-05
B9J08_01025	3643.14913816949	-1.66471045594313	0.34289449204435	-4.85487662988712	1.20461715146176e-06	7.00641997551291e-05
B9J08_01048	528.511810985523	1.03254733416411	0.212863596266574	4.85074645112649	1.22997697061872e-06	7.07699652664596e-05
B9J08_04428	116.764940406971	-6.84682422308199	1.41333443516727	-4.84444732450863	1.26964595375007e-06	7.15144789317537e-05
B9J08_02735	1175.73297588571	1.12742838922908	0.233092708823975	4.83682391833408	1.31930200136608e-06	7.27792269001019e-05
B9J08_01988	4040.53929155579	-1.10484842946907	0.228852828046232	-4.82776830376714	1.38071599269243e-06	7.53899109887469e-05
B9J08_02128	240.140336076182	1.0096265844091	0.21036877463881	4.79931770360197	1.59207072507067e-06	8.60522267661932e-05
B9J08_02539	11388.6483728495	-1.77316197294078	0.371094870239235	-4.77819047134139	1.76879788007217e-06	9.4648374562662e-05
B9J08_01608	1882.97624839085	-1.35983000871145	0.286185590515654	-4.75156700329071	2.01846249960327e-06	0.0001069385429245
B9J08_05592	306.915301134018	2.1846289601079	0.460076959927986	4.74839896449031	2.05033271127799e-06	0.0001075620621377
B9J08_05305	133.976299704221	1.85028870224233	0.391137769337625	4.73052936149764	2.23935134134135e-06	0.0001159622661175
B9J08_05272	1534.1879908999	1.0386382705779	0.21962129876232	4.72922378854495	2.25379848182171e-06	0.0001159622661175
B9J08_03541	2035.93151185911	-1.34487785974733	0.285657859119885	-4.7080023069938	2.50156271025329e-06	0.0001262817175713
B9J08_00566	1714.30201627633	-1.67605925078074	0.355954932719187	-4.70862768490691	2.49390122893432e-06	0.0001262817175713
B9J08_03025	285.593110108829	1.27595890285121	0.271744525680813	4.69543553694228	2.66039259214104e-06	0.0001306033097297
B9J08_02355	5053.02978923706	-1.16341753228333	0.247694915271936	-4.69697785683669	2.64039063091582e-06	0.0001306033097297
B9J08_05212	1113.47705690196	-1.39176035917461	0.296711858497425	-4.69061252294602	2.72388379463904e-06	0.0001313108304965
B9J08_03870	408.497889336553	-2.32123285107709	0.495659379197631	-4.68312100708087	2.82539603238006e-06	0.0001328940336741
B9J08_01235	51852.3939943793	-1.53179972883158	0.327119034653431	-4.68269824302477	2.83123151539043e-06	0.0001328940336741
B9J08_02251	953.147871200591	-1.26941882892743	0.271426697267873	-4.67683850448444	2.91331510189721e-06	0.00013555781835
B9J08_05119	9311.52785855582	-1.9149059012429	0.410215637576032	-4.66804706070714	3.04076259521648e-06	0.0001392183941776
B9J08_04867	157.586073965997	-1.0459003462155	0.224149795247753	-4.6660776337514	3.07003747205357e-06	0.0001392183941776
B9J08_01307	219.047362879528	-1.29979617912558	0.278521465874216	-4.66677200281784	3.05968518293083e-06	0.0001392183941776
B9J08_03222	4011.40176393573	-1.18696603384255	0.254679497380312	-4.66062657595893	3.15248220331874e-06	0.0001405744355829
B9J08_02030	2363.29487430083	-1.08524396074416	0.232829719277969	-4.66110582493346	3.14514947618554e-06	0.0001405744355829
B9J08_04587	346.862502738482	-1.97741487231221	0.424584502726972	-4.65729403596198	3.20392693167969e-06	0.0001416877108381
B9J08_02876	3147.80152521028	1.5466056003379	0.332711047476681	4.64849487886724	3.34365921592302e-06	0.0001454627680032
B9J08_05243	113.430189757204	1.41009687371593	0.304102001322322	4.63692072917779	3.53637956930162e-06	0.0001526061860913
B9J08_02170	4574.84129176064	-2.17057144692929	0.468498272663675	-4.63304044770191	3.60334102891279e-06	0.0001542518227656
B9J08_04434	597.025122881365	1.03028753923445	0.222570866234942	4.62903144810918	3.67379979456548e-06	0.0001558801300552
B9J08_01253	1188.1340154532	-1.43914630325576	0.310993311346079	-4.62757959978841	3.69964053766e-06	0.0001558801300552
B9J08_02137	23418.1769631619	-2.05547768665806	0.445071639970502	-4.61830748594606	3.8688267678961e-06	0.0001604813336047
B9J08_05224	3192.58914758063	1.55641861055864	0.337387358356715	4.61315035079961	3.96611190300128e-06	0.0001632512676381
B9J08_03238	1481.34149630608	-1.44866888624536	0.314273117112935	-4.60958576270709	4.03472069993595e-06	0.0001648075608042
B9J08_00009	853.55493668606	-1.6943085198094	0.368920158982839	-4.5926157152291	4.37724653606441e-06	0.0001774442895036
B9J08_04930	174.034041614972	-2.2599662471688	0.495119247355313	-4.56448877566453	5.00712988130533e-06	0.0001984677925545
B9J08_03573	4433.36532781756	-1.65875436699529	0.364875628020354	-4.54608156756022	5.46538628188628e-06	0.0002134692116377
B9J08_03322	900.405363616619	-1.01708880539681	0.225042669646551	-4.51953759255625	6.1974842933567e-06	0.0002403096989402
B9J08_03085	1218.43586390273	-2.03318230422716	0.450424230989318	-4.51392745847943	6.36379918229394e-06	0.0002449833771543
B9J08_01602	183.693109978351	-1.05940007073273	0.235030496871505	-4.5075004513645	6.55957912442198e-06	0.0002505799754577
B9J08_00331	8316.31084193533	-2.221312660722	0.493634138227932	-4.49991702092599	6.79799937684544e-06	0.0002561696807429
B9J08_03100	6790.31941657271	-1.4026385217694	0.312255342356304	-4.49196004521484	7.05706651174856e-06	0.0002640724678627
B9J08_02945	4661.82403104586	-2.04956675673229	0.457194323373755	-4.48292258225783	7.36276462206591e-06	0.00026801464961
B9J08_00262	460.403516745545	1.56391266280174	0.34885986990985	4.48292508738789	7.36267815558744e-06	0.00026801464961
B9J08_00019	586.670787881471	2.88641182752832	0.645193343874558	4.47371606500874	7.68718046182051e-06	0.0002766607255124
B9J08_00745	3869.79292378713	-1.23162965589899	0.277735919171426	-4.43453500567493	9.22712268245784e-06	0.0003248311412752
B9J08_04396	642.823749795879	-1.04195219074017	0.235167402344688	-4.43068291077589	9.39351307283496e-06	0.0003277670316348
B9J08_00528	3192.30412711278	-1.89599081756048	0.428010373002625	-4.42977772772076	9.43302613937033e-06	0.0003277670316348
B9J08_00436	8493.05483779823	-1.09271924526921	0.247635626122895	-4.41260921288815	1.02132245810844e-05	0.0003480953167731
B9J08_00484	1151.14327852988	-1.75801271958464	0.398710647850067	-4.40924447105744	1.03731873905316e-05	0.0003513096564983
B9J08_04277	970.058273901748	-1.76325871079045	0.400420882800293	-4.40351336938103	1.06511716777985e-05	0.0003562151227993
B9J08_02550	39.9941947213829	-1.76575260957672	0.401934426523264	-4.39313602681536	1.11727170504493e-05	0.0003713367014717
B9J08_04843	1256.80566573205	-1.0196186185282	0.232399769957444	-4.38734779606241	1.14741234053696e-05	0.0003790002119884
B9J08_00832	4464.67192179632	2.10444100583688	0.480332616730002	4.38121612511649	1.1801873330305e-05	0.0003874345042359
B9J08_03734	27893.7959246069	-2.10667711419122	0.481267378873614	-4.37735281190636	1.20129432479397e-05	0.000391958898291
B9J08_04902	26993.7400574657	-1.8430400610337	0.42182156971911	-4.36924091449608	1.24679162016522e-05	0.000404338300576
B9J08_03475	2814.26682741779	-1.6292549112241	0.373513515399959	-4.36197043493724	1.28896291133799e-05	0.0004130084154832
B9J08_02883	2278.10908952431	-1.42060137248746	0.32651006164374	-4.35086553025583	1.35601196813584e-05	0.0004319059548508
B9J08_05340	647.048460521423	-1.20388820064779	0.276871102493731	-4.34819014987327	1.37265571878871e-05	0.0004346201627951
B9J08_03474	4964.79955295833	-1.06490814972325	0.245094144285291	-4.34489429695918	1.39342744086379e-05	0.0004386017785918
B9J08_02592	716.668722899973	1.08753149666634	0.252059830618764	4.31457679709075	1.59908938897914e-05	0.0004917659379555
B9J08_01198	773.764842987747	-1.1563032912559	0.268638363526309	-4.30431184912524	1.67505578233703e-05	0.0005092740620048
B9J08_01995	453.89652848777	1.29429791689043	0.301076154868556	4.29890542960963	1.71643687317767e-05	0.0005189069891736
B9J08_05344	1669.42475769079	-1.3371832607738	0.312275843089562	-4.28205796370324	1.851727281349e-05	0.0005535526638267
B9J08_03700	586.336993804502	1.82149923551478	0.426680223053281	4.2690031951336	1.96348456659226e-05	0.0005804754649632
B9J08_00706	31676.8102354503	-2.13319747565428	0.500461301263188	-4.26246239273643	2.02186533224398e-05	0.00059445062598
B9J08_03485	1072.96395040918	-1.41730814008843	0.333449573535154	-4.2504422034866	2.13348884886322e-05	0.000620451023384
B9J08_01141	6224.33544605847	-1.27014589691281	0.299043567327675	-4.24736070487368	2.16303563911528e-05	0.0006256434435084
B9J08_05469	34317.5834817157	-2.54979867351162	0.604623347618411	-4.21716872753125	2.47388868184698e-05	0.0007004115521991
B9J08_03274	3218.87216689034	-1.41034588887494	0.336439512913293	-4.19197458902044	2.76536976787184e-05	0.000778815454099
B9J08_03990	3057.94635946532	-1.13068950787511	0.270459673243548	-4.18062143725556	2.90713504700392e-05	0.0008102124810686
B9J08_05120	1323.57069046037	-1.34208562169167	0.322092062992486	-4.16677644653101	3.08937191387619e-05	0.0008543464665765
B9J08_03614	486.842911723342	-1.02882740137858	0.247130060209551	-4.16310100238797	3.13954405950476e-05	0.0008615230903799
B9J08_04519	155.274394290658	-2.13135769563341	0.51268162225661	-4.15727344828953	3.2206840294458e-05	0.0008792796041614
B9J08_03788	4891.47505765898	-1.83184296175359	0.44132564022377	-4.15077392925726	3.31352931398591e-05	0.0009000352974182
B9J08_00364	78.604798761952	1.3509125793113	0.326035776997801	4.14344889309621	3.42121340847614e-05	0.0009245915630684
B9J08_01966	3083.18125525636	-1.69017336727112	0.409274094904113	-4.12968567597005	3.63259530375331e-05	0.0009596985563001
B9J08_00928	556.838805633506	-1.00257019610872	0.242934688078447	-4.12691248021762	3.67666238163963e-05	0.0009596985563001
B9J08_03963	670.378045086045	-1.48710298287731	0.361057156832193	-4.11874672676399	3.80938555945985e-05	0.0009847353685347
B9J08_04791	1987.9619713591	-1.65540124982475	0.402146280770893	-4.11641566509439	3.84810044200623e-05	0.0009852241849366
B9J08_02659	1983.00019777148	1.54061879905715	0.374257209920902	4.11647059353314	3.84718389503177e-05	0.0009852241849366
B9J08_00058	11107.461580216	-1.59877238237568	0.391360379087332	-4.08516668474228	4.4045186290166e-05	0.0011117254332013
B9J08_05566	505.390774934712	1.12702593823877	0.277215516130188	4.06552257237105	4.79249553119361e-05	0.00118178081048
B9J08_05271	5025.9828982399	-1.88841220175583	0.464250219852118	-4.06766032842669	4.7487534425523e-05	0.00118178081048
B9J08_04753	2354.30748819256	-1.04224955404068	0.256488437801719	-4.06353425898444	4.83352242437541e-05	0.0011864302060932
B9J08_04838	1613.06594345745	-1.58579363650372	0.392094918457679	-4.04441262014182	5.24544670013049e-05	0.0012643416798377
B9J08_01812	2740.19301537338	-1.16882205400813	0.290692275188838	-4.02082254593399	5.79952815873994e-05	0.0013854140704204
B9J08_01486	26960.4989087478	-2.03750514883453	0.50782281867698	-4.01223630348632	6.01462481544266e-05	0.0014240821852846
B9J08_00156	3649.96991084958	1.15239871400406	0.287315470693686	4.01091772476345	6.04831863979726e-05	0.0014257512353108
B9J08_02782	233.553981564489	-1.05854242314212	0.26447678913341	-4.00240197489754	6.27026492517463e-05	0.0014610882230368
B9J08_02573	3282.19777297167	-1.24766916024278	0.312398927033766	-3.99383305214723	6.50136484164838e-05	0.0015022221656801
B9J08_04596	4686.10569562397	-1.4395428141223	0.360795186141357	-3.98991690969596	6.60964455581638e-05	0.0015137327235262
B9J08_04844	28.5198711119919	2.66340182127735	0.671301072348571	3.967522071668	7.26237881116391e-05	0.0016328146646444
B9J08_00301	2835.70093109068	-1.43945595596895	0.363600331399913	-3.9588961605916	7.52969629971983e-05	0.0016788085374917
B9J08_04030	1274.61423980578	-1.40595524324375	0.35526244892842	-3.95751154529431	7.57346280261081e-05	0.0016815601434344
B9J08_02648	1155.06925127895	-1.16652060913354	0.295641200473153	-3.94573086317675	7.95569361093826e-05	0.0017447096931201
B9J08_01547	1676.69448974506	-1.24822893444555	0.316993435041966	-3.93771225666015	8.22621557310115e-05	0.0017966726339454
B9J08_02953	246.263953009365	-1.32968596968246	0.337878586871974	-3.93539579407052	8.30596980719976e-05	0.0018067172535904
B9J08_05265	47.8698937067882	-1.48930463976744	0.37880449468347	-3.93159178592088	8.4385266329837e-05	0.0018281196766435
B9J08_04858	74.9083811776005	-1.57491630020624	0.401034559983304	-3.92713361230465	8.5964231146528e-05	0.0018341546624582
B9J08_03431	4033.88980952135	-1.52246835503027	0.38812644984279	-3.92260912815127	8.75951966090803e-05	0.0018600075279967
B9J08_01321	10394.8236611433	-1.48830645271559	0.380160826033469	-3.91493902263502	9.0427058376442e-05	0.0018975497622444
B9J08_04138	628.79357834781	-1.12421290766089	0.287711430472061	-3.90743219974384	9.32822055172425e-05	0.0019498167254795
B9J08_04889	1471.19401770351	-1.1707739700113	0.299763554114474	-3.9056581560419	9.39692746934042e-05	0.0019565353653089
B9J08_02432	3450.07381589927	-1.43343290599199	0.370516470511252	-3.86874274175744	0.0001093979910633	0.002209013774265
B9J08_05491	6116.47599873131	1.11210918583232	0.289032020838365	3.84770235009443	0.0001192307881418	0.0023985110802523
B9J08_05222	2367.27723117787	1.52013119910265	0.395624049089517	3.84236297717758	0.0001218554456718	0.0024149944066297
B9J08_04807	7819.82321854733	-1.03108932449781	0.268307071446364	-3.84294502168544	0.0001215667086947	0.0024149944066297
B9J08_00083	1169.459192923	-1.70272811127097	0.443747243544995	-3.8371576072637	0.0001244665954713	0.0024486057072322
B9J08_01991	6174.04703080842	-1.14346660083593	0.298390224566249	-3.83211816840889	0.0001270446867224	0.0024810807250065
B9J08_04800	713.210539177343	-1.77837004436854	0.464209752265586	-3.83096226584893	0.0001276430818147	0.0024837022937837
B9J08_04269	4286.18120999134	-1.08837724365583	0.284253056843539	-3.8289025129285	0.0001287159775878	0.0024955043335961
B9J08_01088	1785.46921568438	-1.14683569691615	0.30161532998094	-3.80231235921801	0.0001433518313375	0.0027298112803323
B9J08_03621	1314.32253029727	-1.24332895518682	0.32744471849257	-3.79706522954664	0.0001464192705244	0.0027783316190641
B9J08_01313	4067.60070668149	-1.54784911356912	0.407807649948066	-3.79553721899586	0.0001473240901481	0.0027856226373949
B9J08_04710	1168.41074071183	-1.03392241487236	0.27270428977221	-3.79136835631004	0.0001498195545829	0.0028138443568605
B9J08_03822	1212.80418693778	-1.10130893983314	0.290484156330508	-3.79128746209514	0.0001498683688479	0.0028138443568605
B9J08_00488	1708.11687830056	-1.38691562896107	0.366287963644619	-3.78640787199517	0.0001528407253538	0.0028596179068821
B9J08_05121	3165.52959715258	-1.32008228149621	0.352203168566779	-3.74807043011005	0.000178200220466	0.0032323707786903
B9J08_00622	8236.48044498784	-1.15437182160033	0.309384330752523	-3.73119032496741	0.0001905771735172	0.0034118450499501
B9J08_04921	1901.51241885363	-1.80328850795046	0.484309056498958	-3.72342512235128	0.000196538168644	0.0035055858013806
B9J08_01767	482.642077970988	-1.31640423873237	0.355380405567189	-3.7042116506997	0.0002120491594997	0.0037572021605399
B9J08_03181	6877.10032630715	1.57290698049345	0.425408014585666	3.6974079626248	0.0002178121506118	0.0038213535013894
B9J08_03366	680.018403444468	-1.10568870813074	0.299505090749926	-3.69171924711603	0.000222743266679	0.0038714047161995
B9J08_02863	2301.33554900249	-1.25125054047124	0.338920235427124	-3.69187321876592	0.0002226084315561	0.0038714047161995
B9J08_02772	2649.32350108355	-1.0980896087346	0.298171581686386	-3.68274401780369	0.0002307368259875	0.0039828153414825
B9J08_02787	3325.22017748447	-1.48706429525067	0.40500500820661	-3.67171828772068	0.0002409251719779	0.0041068472720432
B9J08_01567	2902.82061960544	-1.2598331692881	0.343525298723014	-3.66736649082696	0.0002450614316896	0.0041629324475287
B9J08_01969	6856.83158163959	-1.34781413774799	0.36759976703338	-3.66652609337916	0.0002458678411833	0.0041634139815568
B9J08_00359	2617.69035275587	-1.26220499090192	0.344852958780848	-3.66012515990632	0.0002520920830133	0.0042419645792593
B9J08_00304	4139.83490242827	-1.18495770304133	0.325018944073941	-3.64581118930641	0.0002665496376355	0.0044433243332947
B9J08_05070	1273.97618956893	-1.11093034236336	0.305110593564513	-3.6410743048437	0.0002715027567871	0.004511836184994
B9J08_04205	812.669527155111	1.12975456107095	0.310538443628228	3.63805056749585	0.0002747094967301	0.0045509923127025
B9J08_03029	5203.81394593853	-1.71324299497075	0.472604216980848	-3.62511152760235	0.0002888367753847	0.0047409987272501
B9J08_03602	663.039325655305	-1.26433295307061	0.349260788904122	-3.62002547448202	0.000294574012937	0.0048056876317866
B9J08_00701	3091.44286247778	-1.12005340908497	0.310840294486234	-3.60330828709396	0.0003141925073276	0.0050336649901504
B9J08_00593	2469.13569872577	-1.56614264133462	0.436265818682633	-3.58988161406688	0.0003308281777531	0.0051913829300797
B9J08_02459	22397.50185934	-1.45727909269145	0.406741246490814	-3.5828161153171	0.0003399098933575	0.0053182977758959
B9J08_02002	3159.11543120864	-1.14603434222169	0.320943667923762	-3.5708270851255	0.0003558557696876	0.0054893011188903
B9J08_01805	1564.29386314939	-1.04074715924732	0.291294348815768	-3.57283676624137	0.0003531349034127	0.0054893011188903
B9J08_01772	971.768530219176	1.18426500712659	0.331879289693293	3.56836067782666	0.0003592217835701	0.0055077242518158
B9J08_01884	3666.42295893334	-1.36493839020421	0.383185963123175	-3.5620782637214	0.000367930658093	0.0055931731575447
B9J08_01542	15494.3080051867	1.39668852164895	0.392252563408555	3.56068679197952	0.000369886076341	0.0056069699560934
B9J08_03769	412.769939412175	1.99587227335293	0.561422555445895	3.55502687591125	0.0003779404553943	0.0056967869769447
B9J08_00085	2865.88213134712	-1.01466511762354	0.286050114487279	-3.54715857898621	0.0003894101205126	0.0058531841428737
B9J08_05433	6450.32041710327	-1.65100120439551	0.466598425578061	-3.53837714379363	0.0004025945801616	0.0059989962799048
B9J08_01258	3470.78012598093	-1.26602439631997	0.359323354986161	-3.52335682819372	0.0004261172478605	0.0062396419421056
B9J08_01044	3451.5090969063	-1.21947819136528	0.346108007686287	-3.52340357426984	0.0004260420900363	0.0062396419421056
B9J08_01084	11249.9196623747	-1.62756872218131	0.462917685839135	-3.51589228921121	0.0004382787514477	0.0063326033197892
B9J08_00529	52684.9293311837	-1.25813441583013	0.357681247737422	-3.51747379486258	0.0004356753661413	0.0063326033197892
B9J08_03291	329.451696231789	1.43437391519497	0.408940399291767	3.50753781646208	0.00045227406644	0.0064690334628528
B9J08_03183	9110.26297877525	1.09222744075163	0.311654898120981	3.50460540596939	0.0004572845061586	0.0065077909373807
B9J08_04757	7621.69977601708	1.69198344859581	0.483314389291887	3.50079262294418	0.0004638766587118	0.006535631806834
B9J08_02805	6344.32503667113	-1.4214377862959	0.405952663348945	-3.50148653926695	0.0004626703427314	0.006535631806834
B9J08_01269	111.717980279599	1.39362537335511	0.398104834978645	3.50064920319259	0.0004641263477101	0.006535631806834
B9J08_01422	4668.61207529113	-1.17662155477686	0.336778150562199	-3.49375858502897	0.0004762714915446	0.0066715412336522
B9J08_02999	2300.62864745117	-1.11251658256261	0.319486206952591	-3.4822053608333	0.0004973021532239	0.0069298537028676
B9J08_00865	758.933607512531	-1.50552147740001	0.434197826351378	-3.46736299914513	0.0005255915876212	0.0072242680278777
B9J08_00632	760.376534032554	-1.47851616800132	0.427623810273811	-3.45751600467387	0.0005451798582017	0.0073668116697917
B9J08_03817	461.816649068983	-1.29400199262692	0.374601989663612	-3.45433827991388	0.000551644953681	0.007398125682073
B9J08_01976	1535.60603558824	-1.55281236907005	0.450650306744038	-3.44571466130616	0.0005695514070973	0.0075812676103923
B9J08_00830	1733.99992265364	-1.05837930179532	0.307098333596124	-3.44638568826372	0.0005681388702656	0.0075812676103923
B9J08_04510	2183.16496760858	-1.15011405688574	0.334358561592553	-3.43976254535769	0.0005822247674279	0.0076925548901401
B9J08_04846	1213.90742837375	1.83743702378974	0.535770591797611	3.42952198556624	0.0006046454450679	0.0077469124144701
B9J08_04483	1097.29746511074	-1.11421122605442	0.324811291386826	-3.43033402963655	0.0006028386393546	0.0077469124144701
B9J08_02966	1724.48776070855	-1.07483241341589	0.313188080988067	-3.43190714673729	0.0005993527268166	0.0077469124144701
B9J08_00594	7361.43929275161	-1.5408606888915	0.448827986725577	-3.43307622176781	0.0005967743042	0.0077469124144701
B9J08_01826	639.952327668451	-1.37635624650887	0.40148469464837	-3.42816616636983	0.0006076733918079	0.0077605258223495
B9J08_00022	1487.88124895435	-1.71583828012004	0.503504876785015	-3.40778880052967	0.0006549156347061	0.0082457730854408
B9J08_04837	263.633454661789	-1.39592651493278	0.410623384258847	-3.3995300035149	0.000675017734617	0.0084000462742689
B9J08_02804	17396.0710187013	-2.87468079276416	0.846356414383983	-3.39653690089474	0.0006824435515776	0.0084178475971005
B9J08_00023	4258.08777352297	-1.99143772986033	0.586629839186219	-3.39470923030932	0.0006870152265021	0.0084510769586506
B9J08_05105	749.471642550545	-1.3632770630009	0.40241762883392	-3.38771705144043	0.00070476928705	0.0086297950915437
B9J08_04543	181.492344519018	-1.01674283670038	0.301035782111929	-3.37748167200382	0.0007315282793107	0.008877177295871
B9J08_01325	2936.56915576919	-1.65934279411483	0.491272205032994	-3.37764436317618	0.0007310956627803	0.008877177295871
B9J08_01955	141.587620385951	-1.02153456335048	0.302752977484723	-3.37415199624924	0.0007404347139463	0.0089639505753998
B9J08_02831	1445.86603693647	-1.28016704878362	0.38144933253915	-3.35606052909327	0.0007906126311178	0.0094222008666186
B9J08_03854	1413.98439791306	-1.13893523275887	0.340483271214721	-3.34505489416722	0.0008226628641344	0.0097220329177089
B9J08_02398	2894.52770596122	-1.30029864503553	0.389320883920692	-3.33991496151132	0.0008380404710489	0.0098544260944618
